index,published,extreme,topic,domain,language,valid,title,description,url,image,archive,content,en,de,la
786f9d8165792c300c71f2889769e484,2025-12-01T00:01:45Z,Snow&Ice,Hazard,fox2now.com,en,0.9,How much snow can St. Louis expect on Monday?,"As one system exits the region, another is shortly behind. Our attention turns to a building low front over the Rockies that will push east overnight and...",https://fox2now.com/news/missouri/how-much-snow-can-st-louis-expect-on-monday/,https://media.zenfs.com/en/ktvi_articles_498/9e975af61c26c17fd1e6d1b3d0ef0de7,,"ST. LOUIS As one system exits the region, another is shortly behind. Our attention turns to a building low front over the Rockies that will push east overnight and eventually through Missouri and Ill… [+2219 chars]","How much snow can St. Louis expect on Monday?. As one system exits the region, another is shortly behind. Our attention turns to a building low front over the Rockies that will push east overnight and...","Wie viel Schnee kann St. Louis am Montag erwarten? Während ein System die Region verlässt, folgt ein anderes kurz darauf. Unsere Aufmerksamkeit richtet sich auf eine niedrige Gebäudefront über den Rocky Mountains, die über Nacht nach Osten vordringt und ...","Quantum nives sanctus Ludovicus die Lunae exspectare potest ?. Ut alia ratio regionem exit, alia paulo post. Intentio nostra convertit ad aedificationem frontis humilem super Silicis, quae orientem pernoctare et impulerit..."
6f5e20a034a17663b8143d499a14ac54,2025-12-01T00:06:12Z,Snow&Ice,Hazard,www.wgal.com,en,0.9,Tracking the first snow of the season,The News 8 Storm Team is tracking the first significant snowfall of the season as a winter storm approaches Tuesday making it an ALERT DAY.,https://www.wgal.com/article/pennsylvania-first-snow-season-tuesday-alert-day/69586570,"https://kubrick.htvapps.com/htv-prod-media.s3.amazonaws.com/images/snowmap-692cd10e5e198.jpg?crop=1.00xw:1.00xh;0,0&resize=1200:*",,"We are tracking the first significant snowfall of the season as a winter storm approaches, making Tuesday an Alert Day. 
A winter storm is moving across the Mid-Atlantic, likely allowing for decent … [+1048 chars]",Tracking the first snow of the season. The News 8 Storm Team is tracking the first significant snowfall of the season as a winter storm approaches Tuesday making it an ALERT DAY.,"Den ersten Schnee der Saison aufspüren. Das News 8 Storm Team verfolgt den ersten nennenswerten Schneefall der Saison, da am Dienstag ein Wintersturm naht, der einen ALARMTAG auslöst.","Primam nix temporis. Nuntii 8 Tempestas Team primam significativam nix temporis sicut hiemalis tempestas appropinquat Martis insequitur, quod ERECTUS DIES facit."
25d831c9eabc2ce51bb99ed70561ed7b,2025-12-01T00:35:38Z,Wildfire,Hazard,www.abc.net.au,en,0.9,WA bushfire emergency enters second day as temperature set to hit 42C,"Hundreds of homes in the Mid West city of Geraldton remain under threat from an out-of-control bushfire, with firefighters battling extremely hot, dry and windy conditions.",https://www.abc.net.au/news/2025-12-01/wa-bushfire-emergency-second-day-as-geraldton-homes-threatened/106085396,https://live-production.wcms.abc-cdn.net.au/8c884cc516af915fc136aa803775e387?impolicy=wcms_watermark_news&cropH=2813&cropW=5000&xPos=0&yPos=224&width=862&height=485&imformat=generic,http://web.archive.org/web/20251201013230/https://www.abc.net.au/news/2025-12-01/wa-bushfire-emergency-second-day-as-geraldton-homes-threatened/106085396,"One home has been lost and hundreds of others are under threat from an emergency bushfire authorities suspect was deliberately lit in the West Australian city of Geraldton.
Dozens of firefighters ar… [+4836 chars]","WA bushfire emergency enters second day as temperature set to hit 42C. Hundreds of homes in the Mid West city of Geraldton remain under threat from an out-of-control bushfire, with firefighters battling extremely hot, dry and windy conditions.","Der Waldbrand-Notfall in Washington beginnt am zweiten Tag, die Temperatur soll 42 °C erreichen. Hunderte Häuser in der Stadt Geraldton im Mittleren Westen sind weiterhin von einem außer Kontrolle geratenen Buschfeuer bedroht, wobei die Feuerwehrleute mit extrem heißen, trockenen und windigen Bedingungen zu kämpfen haben.","WA bushfire subitis secundo die intrat sicut temperies ad feriendum 42C. Centum domorum in urbe media Occidentali Geraldton manent minari ab autocineto obsoleto, cum globulis pugnantibus valde calidis, siccis et ventosis conditionibus."
4a10e92dfd0ce8513375814a8d568c0d,2025-12-01T03:12:19Z,Snow&Ice,Hazard,slashdot.org,en,0.9,PHOTOS: How Chicagoans Spent The Snowiest November Day In History - Block Club Chicago,"PHOTOS: How Chicagoans Spent The Snowiest November Day In HistoryBlock Club Chicago Chicago weather forecast: Saturday was snowiest November day in Chicago's recorded history, next snow chance MondayABC7 Chicago Chicago weather: Another round of accumulating …",https://slashdot.org/firehose.pl?op=view&amp;id=180247465,,http://web.archive.org/web/20160119174443/http://slashdot.org/firehose.pl?op=view,The Fine Print: The following comments are owned by whoever posted them. We are not responsible for them in any way.,"PHOTOS: How Chicagoans Spent The Snowiest November Day In History - Block Club Chicago. PHOTOS: How Chicagoans Spent The Snowiest November Day In HistoryBlock Club Chicago Chicago weather forecast: Saturday was snowiest November day in Chicago's recorded history, next snow chance MondayABC7 Chicago Chicago weather: Another round of accumulating …","FOTOS: Wie die Chicagoer den schneereichsten Novembertag der Geschichte verbrachten – Block Club Chicago. FOTOS: Wie die Chicagoer den schneereichsten Novembertag der Geschichte verbrachtenBlock Club Chicago Wettervorhersage für Chicago: Samstag war der schneereichste Novembertag in der aufgezeichneten Geschichte Chicagos, nächste Schneewahrscheinlichkeit MontagABC7 Chicago Wetter in Chicago: Eine weitere Runde sich ansammelnder …","PHOTOS: Quomodo Chicagoans nixa Novembrem diem consumpsit in historia - Clausus Club Chicago. PHOTOS: Quam Chicagoans nivis dies Novembres in HistoryBlock Club Chicago Chicago tempestas praenuntiavit: Saturni dies nivalis fuit Novembres in historia scriptoria Chicago, iuxta nix forte MondayABC7 Chicago Chicago tempestatibus: Alius circum accumulandi ..."
47468da8c61d25e5aa59792501537da9,2025-12-01T05:06:43Z,Fog,Hazard,www.zeit.de,de,0.8,Wetterprognose: RLP und Saarland - Frost und Nebel zum Wochenstart,Hier finden Sie Informationen zu dem Thema „Wetterprognose“. Lesen Sie jetzt „RLP und Saarland - Frost und Nebel zum Wochenstart“.,https://www.zeit.de/news/2025-12/01/rlp-und-saarland-frost-und-nebel-zum-wochenstart,https://img.zeit.de/news/2025-12/01/rlp-und-saarland-frost-und-nebel-zum-wochenstart-image-group/wide__1300x731,,"Mit frostigen Temperaturen und Nebel startet die Woche in Rheinland-Pfalz und im Saarland. In weiteren Tagesverlauf am Montag wird es laut Deutschem Wetterdienst (DWD) stark bewölkt, teils länger neb… [+802 chars]",Weather forecast: RLP and Saarland - frost and fog at the start of the week. Here you will find information on the topic of “weather forecast”. Read “RLP and Saarland – frost and fog at the start of the week” now.,Wetterprognose: RLP und Saarland - Frost und Nebel zum Wochenstart. Hier finden Sie Informationen zu dem Thema „Wetterprognose“. Lesen Sie jetzt „RLP und Saarland - Frost und Nebel zum Wochenstart“.,"Tempestas praenuntientur: RLP et Saarland - gelu et nebula in initio hebdomadis. Hic informationes invenies in argumento ""tempestatis praesagio"". Lege ""RLP et Saarland - gelu et nebula in initio hebdomadis"" nunc."
f5a843fad6237e6f6fd9d53854453e53,2025-12-01T05:10:37Z,Fog,Hazard,www.zeit.de,de,0.8,Wetter Bayern: Frost und Nebel zum Dezember – Sonne ab Dienstag möglich,Hier finden Sie Informationen zu dem Thema „Wetter Bayern“. Lesen Sie jetzt „Frost und Nebel zum Dezember – Sonne ab Dienstag möglich“.,https://www.zeit.de/news/2025-12/01/frost-und-nebel-zum-dezember-sonne-ab-dienstag-moeglich,https://img.zeit.de/news/2025-12/01/frost-und-nebel-zum-dezember-sonne-ab-dienstag-moeglich-image-group/wide__1300x731,,"Die erste Dezemberwoche startet in Bayern mit Frost, Glätte und Nebel. Ab Dienstag soll sich auch die Sonne zeigen, teilte der Deutsche Wetterdienst (DWD) mit.
Am Morgen soll es im nördlichen Franke… [+646 chars]",Weather Bavaria: Frost and fog in December – sun possible from Tuesday. Here you will find information on the topic of “Weather Bavaria”. Now read “Frost and fog in December – sun possible from Tuesday”.,Wetter Bayern: Frost und Nebel zum Dezember – Sonne ab Dienstag möglich. Hier finden Sie Informationen zu dem Thema „Wetter Bayern“. Lesen Sie jetzt „Frost und Nebel zum Dezember – Sonne ab Dienstag möglich“.,"Tempestas Bavariae: Frons et nebula mense Decembri - Solis possibilis a die Martis. Hic informationes invenies in argumento ""Tempestatis Bavariae"". Nunc legitur ""Frest et nebula mense Decembri - solem possibilis a die Martis""."
006fc4483a789aa769641e17e0a56a89,2025-12-01T06:00:17Z,Landslide,Hazard,english.gossiplankanews.com,en,0.9,Landslide Strikes Rambukkana,"An emergency landslide incident has been reported in the Rambukkana, Gangekumbura area, and it has been revealed that there is a risk of earth mounds collapsing in the vicinity. Information regarding this disaster situation was reported this morning.Relevant …",https://english.gossiplankanews.com/2025/12/landslide-strikes-rambukkana.html,https://lh3.googleusercontent.com/blogger_img_proxy/AEn0k_sLSRJDJHYbNlyVibjTftac0YsJUMHkeJjz278iqmxU5ln2MFNgDWK1KX01AEWToVQpffsPjEvGjA0rMDgWFI--q_aATLuJLnmo52iiy0_gs5lr4RJuG6jfNFdfQ4Lo9MD3Y9NlqnTsz1HPiMGqzOGGUPaICLk=w1600,,"An emergency landslide incident has been reported in the Rambukkana, Gangekumbura area, and it has been revealed that there is a risk of earth mounds collapsing in the vicinity. Information regarding… [+372 chars]","Landslide Strikes Rambukkana. An emergency landslide incident has been reported in the Rambukkana, Gangekumbura area, and it has been revealed that there is a risk of earth mounds collapsing in the vicinity. Information regarding this disaster situation was reported this morning.Relevant …","Erdrutsch trifft Rambukkana. Aus der Gegend von Rambukkana, Gangekumbura, wurde ein Notfall-Erdrutschvorfall gemeldet, und es wurde festgestellt, dass in der Umgebung die Gefahr besteht, dass Erdhügel einstürzen. Informationen zu dieser Katastrophensituation wurden heute Morgen gemeldet. Relevante …","Landslide Ictus Rambukkana. Casus casus subitis in Rambukkana, Gangekumbura relatus est, et manifestatum est periculum esse in vicinia aggerum terrae collabentium. Informationes de hac calamitate condicionem hanc mane nuntiaverunt.Relevant..."
f2b8dd7a3351163dcc40c3da3715f455,2025-12-01T07:00:37Z,Snow&Ice,Hazard,kyweathercenter.com,en,0.9,A Messy Winter Storm System Starts December,"Good Monday and welcome to December. A winter storm system moves in later today and tonight, giving us a very wintry and messy start to Meteorological Winter. This system brings snow, sleet, some freezing rain and rain to the commonwealth. A Winter Weather Ad…",https://kyweathercenter.com/?p=74202,,,"Good Monday and welcome to December. A winter storm system moves in later today and tonight, giving us a very wintry and messy start to Meteorological Winter. This system brings snow, sleet, some fre… [+2568 chars]","A Messy Winter Storm System Starts December. Good Monday and welcome to December. A winter storm system moves in later today and tonight, giving us a very wintry and messy start to Meteorological Winter. This system brings snow, sleet, some freezing rain and rain to the commonwealth. A Winter Weather Ad…","Im Dezember beginnt ein unordentliches Wintersturmsystem. Guten Montag und willkommen im Dezember. Ein Wintersturmsystem zieht heute und heute Abend später auf und beschert uns einen sehr winterlichen und chaotischen Start in den meteorologischen Winter. Dieses System bringt Schnee, Graupel, etwas Eisregen und Regen in das Gemeinwesen. Eine Winterwetteranzeige…","Nuntius hiems Storm Ratio incipit December. Lunae bonum et gratum est Decembri. Ratio tempestatis hiemis serius hodie et hac nocte movetur, nobis dans hyemem meteorologicum valde hiemale et nuntius. Haec ratio nives, pruinasque, alias pluvias et imbres torpore civitati affert. Tempestas hiemalis Ad…"
9dfa546b5fedb509faba896ff3762d09,2025-12-01T08:00:00Z,Flood,Hazard,www.dw.com,de,0.9,News kompakt: Weltweite Rekordumsätze für Rüstungsfirmen,Die Kriege in der Ukraine und im Gazastreifen und andere Konflikte haben Waffenproduzenten 2024 so hohe Umsätze gebracht wie noch nie. Indonesien meldet noch mehr Tote nach den Überschwemmungen. Das Wichtigste in Kürze.,https://www.dw.com/de/news-kompakt-weltweite-rekordums%C3%A4tze-f%C3%BCr-r%C3%BCstungsfirmen/a-74961762,https://static.dw.com/image/74196887_6.jpg,,Angesichts zahlreicher Konflikte verzeichnet die internationale Rüstungsindustrie einen neuen Umsatzrekord. Die 100 größten Waffenproduzenten der Erde steigerten ihre Einnahmen aus dem Verkauf von Rü… [+5155 chars],News compact: Worldwide record sales for defense companies. The wars in Ukraine and the Gaza Strip and other conflicts have brought arms producers higher sales in 2024 than ever before. Indonesia reports even more deaths after floods. The most important thing in brief.,News kompakt: Weltweite Rekordumsätze für Rüstungsfirmen. Die Kriege in der Ukraine und im Gazastreifen und andere Konflikte haben Waffenproduzenten 2024 so hohe Umsätze gebracht wie noch nie. Indonesien meldet noch mehr Tote nach den Überschwemmungen. Das Wichtigste in Kürze.,Nuntii pacti: Venditio pro societatibus defensionis Worldwide record. Bella in Ucraina et Gaza Strip et alia certamina armorum effectores superiores venditiones intulerunt anno 2024 quam umquam ante. Indonesia plures mortes post inundationes tradit. Quod primum in brevi.
c8761c9b5a895e1aa131212da4a137f5,2025-12-01T08:33:02Z,Flood,Hazard,www.zeit.de,de,0.9,Unwetterkatastrophe: Noch hunderte Vermisste nach Unwetter in Asien,"Bei den Überschwemmungen in Indonesien, Sri Lanka und Thailand sind mehr als 1.000 Menschen gestorben. Indonesiens Präsident fordert mehr Einsatz gegen den Klimawandel.",https://www.zeit.de/gesellschaft/2025-12/unwetterkatastrophe-asien-tote-vermisste,https://img.zeit.de/administratives/sharing/fallback-image-die-zeit/wide__1300x731,,"Nach Überschwemmungen in Indonesien, Sri Lanka und Thailand werden noch immer hunderte Menschen vermisst. Der indonesische Präsident Prabowo Subianto versprach bei einem Besuch betroffener Gebiete au… [+750 chars]","Storm disaster: Hundreds still missing after storm in Asia. More than 1,000 people have died in floods in Indonesia, Sri Lanka and Thailand. Indonesia's president calls for more action against climate change.","Unwetterkatastrophe: Noch hunderte Vermisste nach Unwetter in Asien. Bei den Überschwemmungen in Indonesien, Sri Lanka und Thailand sind mehr als 1.000 Menschen gestorben. Indonesiens Präsident fordert mehr Einsatz gegen den Klimawandel.","Tempestas calamitas est: Centum adhuc desunt post tempestatem in Asia. Plus quam 1,000 homines in Indonesia, Sri Lanka et Thailandia in inundationibus mortui sunt. Praesidens Indonesia maiorem actionem contra mutationem climatis vocat."
52f96c683f81975193a08ae2621df3ea,2025-12-01T08:47:28Z,Flood,Hazard,www.zeit.de,de,0.9,Unwetterkatastrophe: Noch Hunderte Vermisste nach Unwetter in Asien,"Bei den Überschwemmungen in Indonesien, Sri Lanka und Thailand sind mehr als 1.000 Menschen gestorben. Insgesamt sind in drei Ländern Millionen Menschen betroffen.",https://www.zeit.de/gesellschaft/2025-12/unwetterkatastrophe-asien-tote-vermisste-gxe,https://img.zeit.de/gesellschaft/2025-12/unwetterkatastrophe-asien-tote-vermisste-bild/wide__1300x731,,"Nach Überschwemmungen in Indonesien, Sri Lanka und Thailand werden noch immer Hunderte Menschen vermisst. Der indonesische Präsident Prabowo Subianto versprach bei einem Besuch betroffener Gebiete au… [+1505 chars]","Storm disaster: Hundreds still missing after storm in Asia. More than 1,000 people have died in floods in Indonesia, Sri Lanka and Thailand. In total, millions of people are affected in three countries.","Unwetterkatastrophe: Noch Hunderte Vermisste nach Unwetter in Asien. Bei den Überschwemmungen in Indonesien, Sri Lanka und Thailand sind mehr als 1.000 Menschen gestorben. Insgesamt sind in drei Ländern Millionen Menschen betroffen.","Tempestas calamitas est: Centum adhuc desunt post tempestatem in Asia. Plus quam 1,000 homines in Indonesia, Sri Lanka et Thailandia in inundationibus mortui sunt. In summa, decies centena milia hominum in tribus terris afficiuntur."
3da9f4fb5915b578505af7582338ca8f,2025-12-01T08:57:39Z,Precipitation,Hazard,www.stern.de,de,0.8,Mindestens 1000 Tote bei Überschwemmungen und Erdrutschen in Asien,Bei den verheerenden Überschwemmungen und Erdrutschen infolge anhaltender sintflutartiger Regenfälle im Süden und Südosten Asiens sind nach jüngsten Behördenangaben mehr als tausend Menschen ums Leben gekommen. Mindestens 502 Todesopfer wurden am Montag allei…,https://www.stern.de/news/mindestens-1000-tote-bei-ueberschwemmungen-und-erdrutschen-in-asien-36914748.html,https://image.stern.de/36914750/t/0R/v1/w1440/r1.7778/-/01--zerstoerte-bruecke-in-der-indonesischen-provinz-aceh---60046573852e06dd.jpg,,"Kopiere den aktuellen Link
Zur Merkliste hinzufügen
Bei den verheerenden Überschwemmungen und Erdrutschen infolge anhaltender sintflutartiger Regenfälle im Süden und Südosten Asiens sind nach jüngs… [+2227 chars]","At least 1,000 dead in floods and landslides in Asia. According to the latest authorities, more than a thousand people have died in the devastating floods and landslides caused by persistent torrential rain in the south and southeast of Asia. At least 502 deaths were reported on Monday alone...",Mindestens 1000 Tote bei Überschwemmungen und Erdrutschen in Asien. Bei den verheerenden Überschwemmungen und Erdrutschen infolge anhaltender sintflutartiger Regenfälle im Süden und Südosten Asiens sind nach jüngsten Behördenangaben mehr als tausend Menschen ums Leben gekommen. Mindestens 502 Todesopfer wurden am Montag allei…,Saltem 1000 in diluviis et proruit in Asia mortuis. Secundum recentissimas auctoritates plus quam mille homines in diluviis vastandis et prolapsionibus lapsis per continentem imbrem torrentium in meridiem et meridiem Asiae mortui sunt. Saltem 502 funera die Lunae soli nuntiata sunt.
ee4ad7d3bebfd1f177d14da654f25720,2025-12-01T09:38:06Z,Snow&Ice,Hazard,cheezburger.com,en,0.9,20 Decisively December Dramatic Cattos Discovering Snow and Not Having a Good Time At All,"Cats and snow go together like peanut butter and pickles - they just don't. They may seem purrfectly interested in it - who wouldn't be when seeing little white flakes fall down from the sky for the furst time? But as soon as they put their paws in that cold,…",https://cheezburger.com/43433221/20-decisively-december-dramatic-cattos-discovering-snow-and-not-having-a-good-time-at-all,https://i.chzbgr.com/original/43433221/h816E425F/20-pictures-of-cats-in-snow-thumbnail-includes-two-pictures-of-cats-in-snow,,Cats and snow go together like peanut butter and pickles - they just don't. They may seem purrfectly interested in it - who wouldn't be when seeing little white flakes fall down from the sky for the … [+1034 chars],"20 Decisively December Dramatic Cattos Discovering Snow and Not Having a Good Time At All. Cats and snow go together like peanut butter and pickles - they just don't. They may seem purrfectly interested in it - who wouldn't be when seeing little white flakes fall down from the sky for the furst time? But as soon as they put their paws in that cold,…","20. Dezember Dramatische Cattos entdecken den Schnee und haben überhaupt keine gute Zeit. Katzen und Schnee passen zusammen wie Erdnussbutter und Gurken – das tun sie einfach nicht. Sie scheinen regelrecht daran interessiert zu sein – wer wäre das nicht, wenn er zum ersten Mal kleine weiße Flocken vom Himmel fallen sieht? Aber sobald sie ihre Pfoten in die Kälte stecken, ...","20 Decisive December Dramatic Cattos Nix Discovered and Not having a Good Time At All. Feles et nives simul conveniunt ut eros butyrum et allia - iustus non faciunt. Videantur purrfectly interesse in eo - quis non sit cum viderit floccis albos e caelo primo tempore cadentes? Sed statim ut in frigido illo ungulas ponunt,…"
6b08ef05bdc97f93dcd9877b830de799,2025-12-01T10:00:00Z,Wildfire,Hazard,www.propublica.org,en,0.9,A Loophole Allows Ranchers to Renew Grazing Permits With Little Scrutiny of the Environmental Impact,"With dwindling oversight, cattle are grazing where they’re not supposed to and in greater numbers or for longer periods than permitted. This can spread invasive plants, pushing out native species and worsening wildfire risk.",http://www.propublica.org/article/grazing-environment-public-lands-oversight,"https://www.propublica.org/wp-content/uploads/2025/11/250817_HCN_3546_preview_maxWidth_3000_maxHeight_3000_ppi_72_embedColorProfile_true_quality_95_c42279.jpg?resize=2000,1500",http://web.archive.org/web/20251202035441/https://www.propublica.org/article/grazing-environment-public-lands-oversight,"<ul><li>Cattle Guard: Every 10 years, permits to graze on public lands are supposed to be reviewed in order to address livestocks impact on the environment.</li><li>Skipping Scrutiny: A 2014 law, whi… [+21668 chars]","A Loophole Allows Ranchers to Renew Grazing Permits With Little Scrutiny of the Environmental Impact. With dwindling oversight, cattle are grazing where they’re not supposed to and in greater numbers or for longer periods than permitted. This can spread invasive plants, pushing out native species and worsening wildfire risk.","Eine Lücke ermöglicht es Viehzüchtern, Weidegenehmigungen zu erneuern, ohne die Umweltauswirkungen genau zu prüfen. Da die Kontrolle schwindet, grasen Rinder dort, wo sie nicht hingehören, und zwar in größerer Zahl oder für längere Zeiträume als erlaubt. Dies kann zur Ausbreitung invasiver Pflanzen führen, einheimische Arten verdrängen und das Risiko von Waldbränden erhöhen.","Loophole permittit Ranchers innovare Tityrus Permittit Cum Parva Scrutinium Environmental Impact. In inspectione obscura, pascuntur pecora ubi non supponuntur, et plures vel pluries quam permittuntur. Haec plantas incursiones spargere potest, species indigenas impellens et periculum ignem ferum augens."
c4ed730d83600f6795776721bbf84f44,2025-12-01T10:27:00Z,Snow&Ice,Hazard,biztoc.com,en,0.9,Map Shows Winter Storm Snowfall Totals Forecast for Each State,"A forecast map shows which states could see the most snow, with a winter storm set to move into the Mid-Atlantic and Northeast starting Monday evening, bringing the risk of snow and ice across the interior portions of both regions.
Why It Matters
Forecasters …",https://biztoc.com/x/de3ef264b8cc3655,https://biztoc.com/cdn/de3ef264b8cc3655_s.webp,,"A forecast map shows which states could see the most snow, with a winter storm set to move into the Mid-Atlantic and Northeast starting Monday evening, bringing the risk of snow and ice across the in… [+145 chars]","Map Shows Winter Storm Snowfall Totals Forecast for Each State. A forecast map shows which states could see the most snow, with a winter storm set to move into the Mid-Atlantic and Northeast starting Monday evening, bringing the risk of snow and ice across the interior portions of both regions.
Why It Matters
Forecasters …","Die Karte zeigt die Gesamtprognose für den Wintersturm-Schneefall für jeden Bundesstaat. Eine Prognosekarte zeigt, in welchen Bundesstaaten es am meisten schneien könnte, wobei ab Montagabend ein Wintersturm in den mittleren Atlantik und den Nordosten vordringen wird, was die Gefahr von Schnee und Eis im Landesinneren beider Regionen mit sich bringt.
Warum es wichtig ist
Prognostiker …","Map Show Hiems Nivis Summa Praedictio pro unaquaque re publica. Praenuntiativum tabulae ostendit quibus civitates plurimas nives videre possent, cum tempestate hiemali profectus est, ut proficisceretur vespere Lunae in Medio Atlantico et septentrione oriente, periculum nivis et glaciei per interiores partes utriusque regionis afferens.
Quid refert
Forecasters ..."
809da51c752a425180815f57e1029252,2025-12-01T10:30:16Z,Wet Spell,Impacts,english.gossiplankanews.com,en,0.8,Epidemic Risk Looms as Floodwaters Recede,"Assistant Secretary of the National Disaster Relief Services Centre, Mr. Jayatissa Munasinghe, emphasized that as the current flood situation gradually recedes, there is a severe risk of spreading epidemic and vector-borne diseases, and the public should exer…",https://english.gossiplankanews.com/2025/12/epidemic-risk-looms-as-floodwaters.html,https://lh3.googleusercontent.com/blogger_img_proxy/AEn0k_uCwrCMU9pQvL0iA7g-1iVYmRbmkBVCFFupCDtwOBjEApTFKAYieyX6o4WHlPA0currtr7ZmPWVRShKePRo-u9TK_k52QiAP-rDLaVz8-jX7o3xICBaJbOMyFt2PX-vfL3oZTw-FFFpWEMN3OPdzZvsqFx1ccA=w1600,,"Assistant Secretary of the National Disaster Relief Services Centre, Mr. Jayatissa Munasinghe, emphasized that as the current flood situation gradually recedes, there is a severe risk of spreading ep… [+1670 chars]","Epidemic Risk Looms as Floodwaters Recede. Assistant Secretary of the National Disaster Relief Services Centre, Mr. Jayatissa Munasinghe, emphasized that as the current flood situation gradually recedes, there is a severe risk of spreading epidemic and vector-borne diseases, and the public should exer…","Mit dem Rückgang der Überschwemmungen steigt die Gefahr einer Epidemie. Der stellvertretende Sekretär des National Disaster Relief Services Centre, Herr Jayatissa Munasinghe, betonte, dass mit dem allmählichen Abklingen der aktuellen Überschwemmungssituation ein ernstes Risiko der Ausbreitung von Epidemien und durch Vektoren übertragenen Krankheiten bestehe und die Öffentlichkeit sich darum bemühen sollte…","Pestilentia Risk Looms sicut aquae diluvii recedunt. Assistens Secretarius Nationalis Disaster Relevamen Services Centre, Dominus Jayatissa Munasinghe, inculcavit, cum condicio inundationis hodiernae sensim recedit, grave periculum pestilentiae et vectoris tolerandi morbos evulgandi et publicum exer…"
3df51340020ba11f1be5b0eb92a05a56,2025-12-01T10:41:00Z,Landslide,Hazard,www.thestar.com.my,en,0.9,Missing M’sian in west Sumatra landslide was travelling to visit relatives,"KUALA LUMPUR: Malaysian citizen Asrul Nizam Apridwson, 30, who went missing following a landslide in Padang Panjang, West Sumatra, Indonesia on Nov 27, was reportedly on his way to visit relatives there. Read full story",https://www.thestar.com.my/news/nation/2025/12/01/missing-msian-in-west-sumatra-landslide-was-travelling-to-visit-relatives,https://apicms.thestar.com.my/uploads/images/2025/12/01/3649997.jpg,,"KUALA LUMPUR: Malaysian citizen Asrul Nizam Apridwson, 30, who went missing following a landslide in Padang Panjang, West Sumatra, Indonesia on Nov 27, was reportedly on his way to visit relatives th… [+1662 chars]","Missing M’sian in west Sumatra landslide was travelling to visit relatives. KUALA LUMPUR: Malaysian citizen Asrul Nizam Apridwson, 30, who went missing following a landslide in Padang Panjang, West Sumatra, Indonesia on Nov 27, was reportedly on his way to visit relatives there. Read full story","Der vermisste M'sian war nach einem Erdrutsch in West-Sumatra unterwegs, um Verwandte zu besuchen. KUALA LUMPUR: Der malaysische Staatsbürger Asrul Nizam Apridwson, 30, der nach einem Erdrutsch in Padang Panjang, West-Sumatra, Indonesien, am 27. November vermisst wurde, war Berichten zufolge auf dem Weg, dort Verwandte zu besuchen. Lesen Sie die ganze Geschichte","Missing M'sian in landslide Sumatra occidentali iter ad propinquos visitandos erat. KUALA LUMPUR: Malaysian civis Asrul Nizam Apridwson, XXX, qui absentem secutus est lapsus in Padang Panjang, West Sumatra, Indonesia die 27 novembris, parem in itinere propinquos ibi visitare. Read full story"
3edd08cde7b1d47fe6eca1b51279beb8,2025-12-01T10:47:48Z,Flood,Impacts,www.n-tv.de,de,0.9,Hunderte Vermisste: Mehr als 1000 Tote bei Überschwemmungen in Asien,"Dauerregen und Erdrutsche haben Indonesien, Thailand und Sri Lanka tagelang im Griff. Das Schlimmste soll überstanden sein, doch die Naturkatastrophe fordert Hunderte Menschenleben. Viele werden außerdem vermisst.",https://www.n-tv.de/panorama/Mehr-als-1000-Tote-bei-Ueberschwemmungen-in-Asien-id30090998.html,https://www.n-tv.de/img/30091134/1764586121/Img_16_9/1200/29-11-2025-Indonesien-Padang-Panjang-Das-Wrack-eines-Autos-liegt-mitten-auf-einer-Strasse-waehrend-Menschen-die-Schaeden-nach-der-Sturzflut-in-Padang-Panjang-begutachten.jpg,,"Hunderte VermissteMehr als 1000 Tote bei Überschwemmungen in Asien
Padang Panjang in Indonesien. (Foto: dpa)
Dauerregen und Erdrutsche haben Indonesien, Thailand und Sri Lanka tagelang im Griff. Da… [+2568 chars]","Hundreds missing: More than 1,000 dead in floods in Asia. Continuous rain and landslides have gripped Indonesia, Thailand and Sri Lanka for days. The worst is said to be over, but the natural disaster claims hundreds of lives. Many are also missing.","Hunderte Vermisste: Mehr als 1000 Tote bei Überschwemmungen in Asien. Dauerregen und Erdrutsche haben Indonesien, Thailand und Sri Lanka tagelang im Griff. Das Schlimmste soll überstanden sein, doch die Naturkatastrophe fordert Hunderte Menschenleben. Viele werden außerdem vermisst.","Centum desunt: ​​Plus quam 1,000 in inundationibus in Asia mortui sunt. Imber continua et proruit Indonesiam, Thailandiam et Sri Lanka per dies tenuerunt. Pessimum esse dicitur, sed clades naturalis centum vitas vindicat. Multa praeterea desunt."
a086734885095d992413a9e4b69c94c3,2025-12-01T12:06:00Z,Flood,Hazard,www.dw.com,de,0.9,Mehr als 1000 Tote bei Unwettern in Asien,"In Indonesien, Thailand und Sri Lanka tobten tagelang heftige Unwetter. Die Zahl der Menschen, die durch Überschwemmungen und Erdrutsche ums Leben gekommen sind, ist inzwischen vierstellig. Allein in dem besonders von den Unwettern betroffenen Inselstaat Indo…",https://www.dw.com/de/indonesien-thailand-sri-lanka-%C3%BCberschwemmungen-erdrutsche-todesopfer/a-74965797,https://static.dw.com/image/74966561_6.jpg,,"Allein in dem besonders von den Unwettern betroffenen Inselstaat Indonesien sind nach jüngsten Zahlen fast 600 Menschen ums Leben gekommen, knapp 500 werden noch vermisst. Etwa 600.000 Personen wurde… [+2098 chars]","More than 1,000 dead in storms in Asia. Severe storms raged for days in Indonesia, Thailand and Sri Lanka. The number of people who have died as a result of floods and landslides is now in the four-digit range. In the island state of Indo, which was particularly affected by the storms...","Mehr als 1000 Tote bei Unwettern in Asien. In Indonesien, Thailand und Sri Lanka tobten tagelang heftige Unwetter. Die Zahl der Menschen, die durch Überschwemmungen und Erdrutsche ums Leben gekommen sind, ist inzwischen vierstellig. Allein in dem besonders von den Unwettern betroffenen Inselstaat Indo…","Plus quam 1,000 in Asia in procellis mortui sunt. Gravibus tempestatibus diebus in Indonesia, Thailandia et Sri Lanka saevierunt. Numerus hominum qui ob inundationes et ruinas mortui sunt nunc in quattuor digiti partibus est. In insula Indo status, quae maxime tempestatibus afficiebatur."
dd789ace71a3540b3960eba848e4c1d2,2025-12-01T12:08:00Z,Landslide,Causes,www.thestar.com.my,en,0.9,"Three more Malaysians missing after West Sumatra floods, says Wisma Putra","PETALING JAYA: Three more Malaysians have gone missing in the floods and landslides that struck West Sumatra, bringing the total number of missing Malaysians in the disaster to four. Read full story",https://www.thestar.com.my/news/nation/2025/12/01/three-more-malaysians-missing-after-west-sumatra-floods-says-wisma-putra,https://apicms.thestar.com.my/uploads/images/2025/12/01/3650116.JPG,,"PETALING JAYA: Three more Malaysians have gone missing in the floods and landslides that struck West Sumatra, bringing the total number of missing Malaysians in the disaster to four.
In its latest u… [+1304 chars]","Three more Malaysians missing after West Sumatra floods, says Wisma Putra. PETALING JAYA: Three more Malaysians have gone missing in the floods and landslides that struck West Sumatra, bringing the total number of missing Malaysians in the disaster to four. Read full story","Drei weitere Malaysier werden nach Überschwemmungen in West-Sumatra vermisst, sagt Wisma Putra. PETALING JAYA: Drei weitere Malaysier sind bei den Überschwemmungen und Erdrutschen in West-Sumatra verschwunden, sodass sich die Gesamtzahl der bei der Katastrophe vermissten Malaysier auf vier erhöht. Lesen Sie die ganze Geschichte","Tres plures Malaysiani absentes post Sumatra Occidentales inundationes, Wisma Putra dicit. PETLING JAYA: Tres plures Malaysiani absentes in inundationibus et prolapsionibus Sumatra Occidentalem percusserunt, numerum Malaysianorum absentis in quattuor cladem afferentes. Read full story"
41177a0fcb4780d7e31f291a8510209c,2025-12-01T12:54:16Z,Cold Wave,Hazard,economictimes.indiatimes.com,en,0.9,Harsher winter ahead? IMD expects next cold wave spell in these regions from Dec 3 onwards,"Central India and adjoining regions are forecast to experience normal to below-normal temperatures this winter, with an increased likelihood of cold wave conditions in several northern and central states. While most of the country anticipates normal to below-…",https://economictimes.indiatimes.com/news/new-updates/harsher-winter-ahead-imd-expects-next-cold-wave-spell-in-these-regions-from-dec-3-onwards/articleshow/125695340.cms,"https://img.etimg.com/thumb/msid-125695364,width-1200,height-630,imgsize-19188,overlay-economictimes/articleshow.jpg",,"Normal to below-normal temperatures are expected in central India and the adjoining northwest and peninsular regions during the three-month winter season, the India Meteorological Department (IMD) sa… [+2401 chars]","Harsher winter ahead? IMD expects next cold wave spell in these regions from Dec 3 onwards. Central India and adjoining regions are forecast to experience normal to below-normal temperatures this winter, with an increased likelihood of cold wave conditions in several northern and central states. While most of the country anticipates normal to below-…","Härterer Winter bevor? IMD erwartet die nächste Kältewelle in diesen Regionen ab dem 3. Dezember. In Zentralindien und den angrenzenden Regionen werden in diesem Winter voraussichtlich normale bis unterdurchschnittliche Temperaturen herrschen, wobei in mehreren nördlichen und zentralen Bundesstaaten die Wahrscheinlichkeit von Kältewellen zunimmt. Während der Großteil des Landes davon ausgeht, dass die Lage normal bis darunter liegt, …","Praemisit hiemem acerbior? IMD expectat proximam undam frigidam incantatores in his regionibus a Dec 3 sequentes. Media India et regiones vicinae praesagiunt sentire normales temperaturas infra normales hac hieme, aucta verisibilitate undarum frigidarum in pluribus civitatibus septentrionalibus et centralibus. Dum plerique patriae normales infra-…"
59d4c26cb4b443831c75177a128d6ce9,2025-12-01T13:34:29Z,Flood,Hazard,www.tagesschau.de,de,0.9,Überschwemmungen in Südostasien: Hunderte Tote und Vermisste,"Seit vergangener Woche befinden sich viele Regionen Südostasiens im Ausnahmezustand. Durch Überschwemmungen verloren Tausende Menschen ihr Zuhause. Fast 1.000 Todesopfer werden beklagt, Hunderte gelten als vermisst.",https://www.tagesschau.de/ausland/asien/indonesien-ueberschwemmungen-tote-vermisste-100.html,https://images.tagesschau.de/image/65530eca-408b-4929-a43a-f5089836f3a4/AAABmtofNAc/AAABmgWmh8Q/16x9-big/indonesien-flut-aufraeumarbeiten-100.jpg?width=1280,,"Stand: 01.12.2025 14:34 Uhr
Seit vergangener Woche befinden sich viele Regionen Südostasiens im Ausnahmezustand. Durch Überschwemmungen verloren Tausende Menschen ihr Zuhause. Fast 1.000 Todesopfer … [+3128 chars]","Floods in Southeast Asia: Hundreds dead and missing. Since last week, many regions of Southeast Asia have been in a state of emergency. Thousands of people lost their homes due to floods. Almost 1,000 deaths are reported and hundreds are missing.","Überschwemmungen in Südostasien: Hunderte Tote und Vermisste. Seit vergangener Woche befinden sich viele Regionen Südostasiens im Ausnahmezustand. Durch Überschwemmungen verloren Tausende Menschen ihr Zuhause. Fast 1.000 Todesopfer werden beklagt, Hunderte gelten als vermisst.","Inundationes in Asia Australi: Centum mortui sunt et desunt. Cum proxima septimana multae regiones Asiae Meridionalis in statu necessitatis fuerunt. Milia hominum domos ob flumina perdiderunt. Mortes fere 1,000 nuntiantur et centeni desunt."
cd30d4c392e38e4bce316228a091baa9,2025-12-01T14:43:25Z,Precipitation,Impacts,www.stern.de,de,0.8,Mehr als 1100 Tote bei Überschwemmungen und Erdrutschen in Asien,Nach den verheerenden Überschwemmungen und Erdrutschen infolge anhaltender sintflutartiger Regenfälle im Süden und Südosten Asiens ist die Opferbilanz auf über 1100 Tote gestiegen. Fast 600 Todesopfer wurden am Montag allein aus dem besonders schwer getroffen…,https://www.stern.de/news/mehr-als-1100-tote-bei-ueberschwemmungen-und-erdrutschen-in-asien-36914748.html,https://image.stern.de/36916424/t/-l/v1/w1440/r1.7778/-/01--zerstoerte-bruecke-in-der-indonesischen-provinz-aceh---3601bcfd90e5137d.jpg,,"Kopiere den aktuellen Link
Zur Merkliste hinzufügen
Nach den verheerenden Überschwemmungen und Erdrutschen infolge anhaltender sintflutartiger Regenfälle im Süden und Südosten Asiens ist die Opferb… [+3034 chars]","More than 1,100 dead in floods and landslides in Asia. After the devastating floods and landslides caused by persistent torrential rain in the south and southeast of Asia, the death toll has risen to over 1,100 deaths. Almost 600 fatalities were hit particularly hard on Monday alone...",Mehr als 1100 Tote bei Überschwemmungen und Erdrutschen in Asien. Nach den verheerenden Überschwemmungen und Erdrutschen infolge anhaltender sintflutartiger Regenfälle im Süden und Südosten Asiens ist die Opferbilanz auf über 1100 Tote gestiegen. Fast 600 Todesopfer wurden am Montag allein aus dem besonders schwer getroffen…,"Plus quam 1,100 mortui in inundationibus et in Asia proruit. Post vastationes inundationes et proruit assiduas pluvias in meridiem et meridiem Asiae torrentes, mors super 1,100 mortes orta est. Fere 600 caedes in sola Lunae imprimis durae percussae sunt."
c43a4bfb4517dceaf82ccf02249592d1,2025-12-01T18:03:45Z,Storm,Hazard,www.bostonherald.com,en,0.9,Massachusetts snowstorm: Which areas could see more than 6 inches of snow?,The most significant snow accumulations from the winter storm will be north of the Mass Pike and west of I-495.,https://www.bostonherald.com/2025/12/01/massachusetts-snowstorm-which-areas-could-see-more-than-6-inches-of-snow/,https://www.bostonherald.com/wp-content/uploads/2025/12/snow.jpg?w=1024&h=486,,"If you’re dreaming of a white early December in the city, keep dreaming.
It looks like the most significant snow accumulations from Tuesday’s winter storm will be north of the Mass Pike and west of … [+2367 chars]",Massachusetts snowstorm: Which areas could see more than 6 inches of snow?. The most significant snow accumulations from the winter storm will be north of the Mass Pike and west of I-495.,Schneesturm in Massachusetts: In welchen Gebieten könnten mehr als 6 Zoll Schnee liegen? Die größten Schneeansammlungen des Wintersturms werden nördlich des Mass Pike und westlich der I-495 auftreten.,Massachusetts nivis: Quas areas plus quam 6 pollices nivis videre potuerunt ?. Insignes glomerationes nivis ex tempestate hiemali erunt septentriones Missae Pike et occidens I-495.
420bebd3e458a1d02d25654c08003d68,2025-12-01T18:29:42Z,Storm,Hazard,biztoc.com,en,0.9,Winter Storm Warning Expands to 5 States as Snow Forecast Worsens,"National Weather Service (NWS) meteorologists across the Northeast have upgraded a winter weather advisory to a more severe winter storm warning on Monday afternoon as millions of Americans are bracing for heavy snow and dangerous travel conditions.
In New Yo…",https://biztoc.com/x/dd4cd3215aa074a6,https://biztoc.com/cdn/dd4cd3215aa074a6_s.webp,,National Weather Service (NWS) meteorologists across the Northeast have upgraded a winter weather advisory to a more severe winter storm warning on Monday afternoon as millions of Americans are braci… [+146 chars],"Winter Storm Warning Expands to 5 States as Snow Forecast Worsens. National Weather Service (NWS) meteorologists across the Northeast have upgraded a winter weather advisory to a more severe winter storm warning on Monday afternoon as millions of Americans are bracing for heavy snow and dangerous travel conditions.
In New Yo…","Die Warnung vor Winterstürmen wird auf fünf Bundesstaaten ausgeweitet, da sich die Schneevorhersage verschlechtert. Meteorologen des National Weather Service (NWS) im gesamten Nordosten haben am Montagnachmittag eine Winterwetterwarnung zu einer strengeren Wintersturmwarnung hochgestuft, da sich Millionen Amerikaner auf starken Schneefall und gefährliche Reisebedingungen einstellen.
In New Yo…","Hiems Tempestas Admonitio Expands ad 5 Civitates ut Nix Data aegritudo. Nationalis Tempestatis Servitio (NWS) astrologi trans Orientem brumalem monuerunt ut tempestatem hiemalem graviorem monentem ad tempestatem hiemalem die Lunae pomeridiana graviorem monentem, sicut decies centena millia Americanorum comprehendunt, pro gravibus nivis et periculosis conditionibus peregrinationes habent.
In Novo Yo…"
2a32fafc45c4b7185ae0cd21f16558af,2025-12-01T19:17:05Z,Snow&Ice,Hazard,theconversation.com,en,0.9,"Winter storms blanket the East, while the US West is wondering: Where’s the snow?","Here’s what snow forecasters are watching, and why skiers and other snow lovers shouldn’t lose hope.",https://theconversation.com/winter-storms-blanket-the-east-while-the-us-west-is-wondering-wheres-the-snow-270928,https://images.theconversation.com/files/705603/original/file-20251201-56-nsm2ra.jpg?ixlib=rb-4.1.0&rect=0%2C668%2C3999%2C1999&q=45&auto=format&w=1356&h=668&fit=crop,,"Much of the West has seen a slow start to the 2026 snow season. Hyoung Chang/The Denver Post
Ski season is here, but while the eastern half of the U.S. digs out from wintery storms, the western U.S.… [+8016 chars]","Winter storms blanket the East, while the US West is wondering: Where’s the snow?. Here’s what snow forecasters are watching, and why skiers and other snow lovers shouldn’t lose hope.","Winterstürme bedecken den Osten, während sich der Westen der USA fragt: Wo ist der Schnee? Hier erfahren Sie, worauf Schneeprognostiker achten und warum Skifahrer und andere Schneeliebhaber die Hoffnung nicht verlieren sollten.","Hiemales tempestates oriens stragulum, dum US Occidentalis miratur: Ubi nix est?. Hic est quam nivalis forecasters aspiciunt, et quare nautae et alii amantes nives spem non amittant."
a2cb32a026d997aecacbc8e662a379af,2025-12-01T19:49:28Z,Storm,Hazard,abcnews.go.com,en,0.9,Heavy snow predicted for Northeast as Midwest still struggles with Thanksgiving weather snarls,"Black ice, snow showers and fog are pestering post-holiday travelers in the Midwest, while the Northeast is gearing up for its first major snowstorm of the season",https://abcnews.go.com/US/wireStory/heavy-snow-predicted-northeast-midwest-struggles-thanksgiving-weather-128007501,https://i.abcnewsfe.com/a/cf3ce126-0740-4e17-84d6-12897102c52c/wirestory_24679420305b7bd6b15cae1423219992_16x9.jpg?w=1600,,"PORTLAND, Maine -- Black ice, snow showers and fog pestered post-holiday travelers in the Midwest on Monday while the Northeast geared up for its first major snowstorm of the season.
More than 8 inc… [+4411 chars]","Heavy snow predicted for Northeast as Midwest still struggles with Thanksgiving weather snarls. Black ice, snow showers and fog are pestering post-holiday travelers in the Midwest, while the Northeast is gearing up for its first major snowstorm of the season","Für den Nordosten wird heftiger Schneefall vorhergesagt, während der Mittlere Westen immer noch mit den Wetterproblemen an Thanksgiving zu kämpfen hat. Glatteis, Schneeschauer und Nebel plagen Reisende nach dem Urlaub im Mittleren Westen, während sich der Nordosten auf den ersten großen Schneesturm der Saison vorbereitet","Gravis nix praenuntiata ad Orientem orientis sicut Midwest adhuc cum Gratiarum actione tempestatum obtrectat. Glacies nigra, imbres nivis et nebula post ferias viatores in Midwest infestant, dum Orientem brumalem ad primam maiorem nivem temporis anni machinatur."
e5dea8725778960ba95264fe858fc5bb,2025-12-01T22:53:34Z,Storm,Hazard,www.yahoo.com,en,0.9,US north-east braces for ‘significant’ snowfall after storm hits midwest,Prediction for New England area comes after travelers experienced disruption over Thanksgiving holiday weekend,https://www.yahoo.com/news/articles/us-north-east-braces-significant-225334448.html,https://media.zenfs.com/en/the_guardian_765/fa23ea31eca36fe8ffac3266b8ecd27e,,"A winter storm is expected to slam much of the north-east United States with rain, ice and heavy snow on Monday night through Tuesday, forecasters have said, with millions of Americans under winter s… [+2731 chars]",US north-east braces for ‘significant’ snowfall after storm hits midwest. Prediction for New England area comes after travelers experienced disruption over Thanksgiving holiday weekend,"Der Nordosten der USA bereitet sich auf „erheblichen“ Schneefall vor, nachdem der Sturm den Mittleren Westen heimgesucht hat. Die Vorhersage für die Region Neuengland erfolgt, nachdem es bei Reisenden am Thanksgiving-Feierwochenende zu Störungen kam",US septentriones-orientales adstringit pro 'nix significans' post casum tempestatis in media occidente. Praedictio Nova Angliae area post viatores periti discidium super Gratiarum actio feriae weekend
961007a2865f6e8da99df7d86f9f1144,2025-12-01T23:00:00Z,Landslide,Causes,www.thestar.com.my,en,0.9,‘Rain behind Cameron apartment landslide’,"KUANTAN: The recent landslide on a hillside near Block C of the Puncak Arabella apartment in Tanah Rata, Cameron Highlands, is believed to have been caused by continuous rain. Read full story",https://www.thestar.com.my/news/nation/2025/12/02/rain-behind-cameron-apartment-landslide,https://apicms.thestar.com.my/uploads/images/2025/12/02/3650797.jpg,,"KUANTAN: The recent landslide on a hillside near Block C of the Puncak Arabella apartment in Tanah Rata, Cameron Highlands, is believed to have been caused by continuous rain.
The Cameron Highlands … [+898 chars]","‘Rain behind Cameron apartment landslide’. KUANTAN: The recent landslide on a hillside near Block C of the Puncak Arabella apartment in Tanah Rata, Cameron Highlands, is believed to have been caused by continuous rain. Read full story","„Regen hinter dem Erdrutsch in Camerons Wohnung“. KUANTAN: Es wird angenommen, dass der jüngste Erdrutsch auf einem Hügel in der Nähe von Block C der Wohnung Puncak Arabella in Tanah Rata, Cameron Highlands, durch anhaltenden Regen verursacht wurde. Lesen Sie die ganze Geschichte","'Pluia post cameram camerae camerae'. KUANTAN: Recens ruina in collis prope Block C in camera Arabella Puncak Tanah Rata, Highland Cameron, continua pluvia causata fuisse creditur. Read full story"
abfb30cd1aac028d6b0da722ecb48519,2025-12-02T00:28:00Z,Wildfire,Hazard,www.abc.net.au,en,0.9,'A very sad day': Farmer killed fighting bushfire on WA's south coast,"The WA premier describes the death of the man, who was killed while fighting a fast-moving bushfire near Ravensthorpe, as ""devastating"".",https://www.abc.net.au/news/2025-12-02/farmer-killed-fighting-bushfire-in-southern-wa-ravensthorpe/106089112,https://live-production.wcms.abc-cdn.net.au/d0a0e8ac1c609ddda7d6aaeede4738c9?impolicy=wcms_watermark_news&cropH=1134&cropW=2016&xPos=0&yPos=189&width=862&height=485&imformat=generic,,"A farmer has been killed while fighting a fast-moving bushfire on Western Australia's south coast.
Police said a man in his 60's, believed to be a local resident, was operating a front-end loader to… [+2663 chars]","'A very sad day': Farmer killed fighting bushfire on WA's south coast. The WA premier describes the death of the man, who was killed while fighting a fast-moving bushfire near Ravensthorpe, as ""devastating"".","„Ein sehr trauriger Tag“: Bauer wurde im Kampf gegen Buschfeuer an der Südküste von Washington getötet. Der Premierminister von Washington beschreibt den Tod des Mannes, der bei der Bekämpfung eines sich schnell ausbreitenden Buschfeuers in der Nähe von Ravensthorpe getötet wurde, als „verheerend“.","'Dies tristissima': Agricola bushfire in WA meridiana oram dimicans occidit. WA premier describit mortem hominis, qui dum incendium rapidum prope Ravensthorpe pugnans occisus est, quasi ""vastando""."
dd7ff0ebb8d5abb3b13f0402e1f2f71f,2025-12-02T00:28:00Z,Wildfire,Hazard,www.abc.net.au,en,0.9,Breaking: Farmer killed fighting bushfire on WA's south coast,"The man was killed during a fast moving bushfire which tore through more than 4,000ha near Ravensthorpe",https://www.abc.net.au/news/2025-12-02/farmer-kiled-fighting-bushfire-in-southern-wa-ravensthorpe/106089112,https://live-production.wcms.abc-cdn.net.au/d0a0e8ac1c609ddda7d6aaeede4738c9?impolicy=wcms_watermark_news&cropH=1134&cropW=2016&xPos=0&yPos=189&width=862&height=485&imformat=generic,http://web.archive.org/web/20251202010206/https://www.abc.net.au/news/2025-12-02/farmer-kiled-fighting-bushfire-in-southern-wa-ravensthorpe/106089112,"A farmer has been killed while fighting a fast-moving bushfire on Western Australias south coast.
Police said a man in his 60's, believed to be a local resident, was operating a front-end loader to … [+149 chars]","Breaking: Farmer killed fighting bushfire on WA's south coast. The man was killed during a fast moving bushfire which tore through more than 4,000ha near Ravensthorpe","Eilmeldung: Bauer wurde im Kampf gegen Buschfeuer an der Südküste von Washington getötet. Der Mann wurde bei einem sich schnell ausbreitenden Buschfeuer getötet, das mehr als 4.000 Hektar in der Nähe von Ravensthorpe verwüstete","Breaking: Agricola pugnans bushfire in WA meridiem oram occidit. Homo interfectus est in bushfire celeriter movente, qui plus quam 4.000ha apud Ravensthorpe discidit"
528640303dcd02ae9053fd0b6bb17895,2025-12-02T01:50:51Z,Wildfire,Hazard,theconversation.com,en,0.9,"In 1939, a Royal Commission found burning forests leads to more bushfires. But this cycle of destruction can be stopped","After devastating fires in 1939, authorities began burning forests to reduce fuel load. But we now know this creates conditions for even worse fires.",https://theconversation.com/in-1939-a-royal-commission-found-burning-forests-leads-to-more-bushfires-but-this-cycle-of-destruction-can-be-stopped-269099,https://images.theconversation.com/files/704429/original/file-20251125-64-zyjv4o.jpg?ixlib=rb-4.1.0&rect=0%2C312%2C5264%2C2632&q=45&auto=format&w=1356&h=668&fit=crop,,"A planned burn near Perth, Western Australia. Posnov/Getty
Every year, government workers around Australia start fires in the bush. The idea behind these prescribed burning programs is that removing… [+10280 chars]","In 1939, a Royal Commission found burning forests leads to more bushfires. But this cycle of destruction can be stopped. After devastating fires in 1939, authorities began burning forests to reduce fuel load. But we now know this creates conditions for even worse fires.","Im Jahr 1939 stellte eine königliche Kommission fest, dass brennende Wälder zu mehr Buschbränden führen. Aber dieser Kreislauf der Zerstörung kann gestoppt werden. Nach verheerenden Bränden im Jahr 1939 begannen die Behörden, Wälder niederzubrennen, um die Treibstoffbelastung zu verringern. Aber wir wissen jetzt, dass dies die Voraussetzungen für noch schlimmere Brände schafft.","Anno MCMXXXIX, Commissio Regiae silvas ardentes ad plus frutices invenit. Sed hic cyclus destructionis potest obstrui. Post incendia vastata anno MCMXXXIX, auctores silvas incendere ad focum oneris reducere coeperunt. Sed nunc scimus hanc condiciones in pejoribus incendiis creare."
b7a6dc641e5cfa87906a61ed98f8bd8d,2025-12-02T02:30:52Z,Cold Wave,Hazard,economictimes.indiatimes.com,en,0.9,"Weather today: Chennai, Andhra Pradesh on high rainfall alert; IMD warns of more cold waves in Delhi, Punjab. Check latest update","Weather update: Chennai, coastal Andhra Pradesh and Puducherry are on high rainfall alert due to the impact of cyclone Ditwah. Schools in Chennai will remain closed today due to heavy rainfall. Meanwhile, the IMD has said central and parts of northwest and pe…",https://economictimes.indiatimes.com/news/new-updates/weather-today-chennai-andhra-pradesh-on-high-rainfall-alert-imd-warns-of-more-cold-waves-in-delhi-punjab-check-latest-update/articleshow/125707620.cms,"https://img.etimg.com/thumb/msid-125707679,width-1200,height-630,imgsize-135858,overlay-economictimes/articleshow.jpg",,"Chennai and its neighbouring districts received torrential rainfall on Monday due to the remnants of the now weakened Cyclone Ditwah which triggered inundation of roads, highways and low-lying areas.… [+3725 chars]","Weather today: Chennai, Andhra Pradesh on high rainfall alert; IMD warns of more cold waves in Delhi, Punjab. Check latest update. Weather update: Chennai, coastal Andhra Pradesh and Puducherry are on high rainfall alert due to the impact of cyclone Ditwah. Schools in Chennai will remain closed today due to heavy rainfall. Meanwhile, the IMD has said central and parts of northwest and pe…","Wetter heute: Chennai, Andhra Pradesh mit starker Niederschlagswarnung; IMD warnt vor weiteren Kältewellen in Delhi, Punjab. Überprüfen Sie das neueste Update. Wetteraktualisierung: Für Chennai, die Küstenorte Andhra Pradesh und Puducherry besteht aufgrund der Auswirkungen des Zyklons Ditwah Alarm wegen starker Niederschläge. Die Schulen in Chennai bleiben heute wegen starker Regenfälle geschlossen. In der Zwischenzeit hat das IMD mitgeteilt, dass Zentral- und Teile des Nordwestens und des Westens …","Tempestas hodie: Chennai, Andhra Pradesh in altis imbribus erectus; IMD frigidiores fluctus monet in Delhi, Punjab. Reprehendo tardus renovatio. Tempestas renovatio: Chennai, maritima Andhra Pradesh et Puducherry in altum pluviae erectae sunt propter impulsum cyclonis Ditwah. Scholae Chennai clausae hodie ob pluvias graves manebunt. Interim IMD dixit media et partes aquilonis et pe…"
c8c17962723404691f09f5cfce3d1ce1,2025-12-02T03:08:26Z,Storm,Mitigation,economictimes.indiatimes.com,en,0.9,What is a Bomb Cyclone? Northeast braces as winter storm set to explode into bomb cyclone in US - Kansas City breaks 40-year-old daily snowfall record; New Jersey declares state of emergency,"A powerful winter storm is set to bring significant snowfall to the Northeast and New England. This system is rapidly intensifying into a bomb cyclone as it moves up the East Coast. While major cities along the I-95 corridor may see light snow, areas north an…",https://economictimes.indiatimes.com/news/international/us/what-is-a-bomb-cyclone-northeast-braces-as-winter-storm-set-to-explode-into-bomb-cyclone-in-us-kansas-city-breaks-40-year-old-daily-snowfall-record-new-jersey-declares-state-of-emergency/articleshow/125708283.cms,"https://img.etimg.com/thumb/msid-125708278,width-1200,height-630,imgsize-68084,overlay-economictimes/articleshow.jpg",,"A third winter storm in just a week is spreading snow across the central US and is on track to bring the seasons first broad snowfall to the Northeast and New England, reported CNN. Forecasters expec… [+2607 chars]","What is a Bomb Cyclone? Northeast braces as winter storm set to explode into bomb cyclone in US - Kansas City breaks 40-year-old daily snowfall record; New Jersey declares state of emergency. A powerful winter storm is set to bring significant snowfall to the Northeast and New England. This system is rapidly intensifying into a bomb cyclone as it moves up the East Coast. While major cities along the I-95 corridor may see light snow, areas north an…","Was ist ein Bombenzyklon? Der Nordosten bereitet sich darauf vor, dass der Wintersturm in den USA zu einem Bombenzyklon ausarten wird – Kansas City bricht den 40 Jahre alten täglichen Schneefallrekord; New Jersey ruft den Ausnahmezustand aus. Ein starker Wintersturm wird im Nordosten und in Neuengland für erheblichen Schneefall sorgen. Dieses System verstärkt sich schnell zu einem Bombenzyklon, während es sich die Ostküste hinauf bewegt. Während es in den großen Städten entlang des I-95-Korridors möglicherweise leicht schneit, gibt es Gebiete nördlich und…","Quid est bomb Cyclone? Septentrionalis adstringit sicut tempestas hiemalis ad explodendum in bombam cyclonem in US - Kansas urbs XL annos nix recordum cotidianum frangit; New Jersey declarat statum tempori. Tempestas valida hiemalis ponitur ut significantes nives ad Orientem et Novam Angliam afferant. Haec ratio celeriter auget in cyclonem bombae sicut movens oram orientalem. Dum majores civitates per I-95 ANDRON videant nivem levem, areas septentrionales an…"
83d2df8824ccf3a157f721368674faf8,2025-12-02T03:56:00Z,Thunderstorm,Hazard,www.thestar.com.my,en,0.9,"Thunderstorms, heavy rain forecast in Melaka, Johor until 2pm, says MetMalaysia","KUALA LUMPUR: The Malaysian Meteorological Department (MetMalaysia) has issued a thunderstorm, heavy rain and strong winds warning in two states until 2pm on Tuesday (Dec 2). Read full story",https://www.thestar.com.my/news/nation/2025/12/02/thunderstorms-heavy-rain-forecast-in-melaka-johor-until-2pm-says-metmalaysia,https://apicms.thestar.com.my/uploads/images/2025/12/02/3650988.JPG,,"KUALA LUMPUR: The Malaysian Meteorological Department (MetMalaysia) has issued a thunderstorm, heavy rain and strong winds warning in two states until 2pm on Tuesday (Dec 2).
MetMalaysia said in a s… [+484 chars]","Thunderstorms, heavy rain forecast in Melaka, Johor until 2pm, says MetMalaysia. KUALA LUMPUR: The Malaysian Meteorological Department (MetMalaysia) has issued a thunderstorm, heavy rain and strong winds warning in two states until 2pm on Tuesday (Dec 2). Read full story","Gewitter und starker Regen werden in Melaka, Johor bis 14 Uhr vorhergesagt, sagt MetMalaysia. KUALA LUMPUR: Das malaysische Wetteramt (MetMalaysia) hat in zwei Bundesstaaten bis Dienstag (2. Dezember) um 14 Uhr eine Warnung vor Gewitter, starkem Regen und starkem Wind herausgegeben. Lesen Sie die ganze Geschichte","Tonitruum, pluviae graves in Melaka, Johor usque ad 2pm praesagio, dicit MetMalaysia. KUALA LUMPUR: Department of Malaysian Meteorologicum (MetMalaysia) tonitruum, pluviam gravem et ventos validos in duabus civitatibus observavit usque ad diem 2pm die Martis (Dec. 2). Read full story"
35a9d219c1862d8ffcb047fe4e849d57,2025-12-02T04:00:45Z,Tropical Cyclone,Hazard,www.stern.de,de,0.9,Unwetter: Wirbelsturmsaison endet glimpflich - USA und Japan verschont,"Die Anwohner von Nordatlantik und westlichem Pazifik hatten Glück: Die diesjährige Wirbelsturmsaison richtete vergleichsweise geringe Schäden an, trotz schwerer Stürme.",https://www.stern.de/wirtschaft/news/unwetter--wirbelsturmsaison-endet-glimpflich---usa-und-japan-verschont-36917716.html,https://image.stern.de/36917718/t/uD/v1/w1440/r1.7778/-/02--jpdhofushzv26axs2048jpeg---824cf25e9028e74c.jpg,,"Kopiere den aktuellen Link
Zur Merkliste hinzufügen
Die Anwohner von Nordatlantik und westlichem Pazifik hatten Glück: Die diesjährige Wirbelsturmsaison richtete vergleichsweise geringe Schäden an,… [+3609 chars]","Severe weather: Hurricane season ends lightly - USA and Japan spared. The residents of the North Atlantic and western Pacific were lucky: This year's hurricane season caused comparatively little damage, despite severe storms.","Unwetter: Wirbelsturmsaison endet glimpflich - USA und Japan verschont. Die Anwohner von Nordatlantik und westlichem Pazifik hatten Glück: Die diesjährige Wirbelsturmsaison richtete vergleichsweise geringe Schäden an, trotz schwerer Stürme.","Tempestas gravis: Tempus Hurricane leviter terminatur - USA et Iaponia pepercit. Incolas Atlantici Septentrionalis et Pacifici occidentalis fortunati fuerunt: Tempus huius anni turbinum comparative modicum detrimentum attulit, licet gravibus procellis."
fd89f023855f7c3c9a2e035408850e02,2025-12-02T04:24:26Z,Thunderstorm,Hazard,www.nzherald.co.nz,en,0.9,Severe thunderstorm warning lifted for North Island but more wild weather on the way,"Auckland could see marble-sized hail, small tornadoes and heavy rain tomorrow.",https://www.nzherald.co.nz/nz/auckland/north-island-thunderstorm-warning-heavy-rain-hail-and-flooding-risk/FF4KQKCP65HA7DPXD5EUGJOGC4/,https://www.nzherald.co.nz/resizer/v2/JZ5DCYIXO5DJBGRJIWF3KPL6QA.PNG?auth=f9935db7a4779928fc2c0fe476029b6c0fa146a39341f38a6b983dcbd1acb750&width=1200&height=675&quality=70&smart=true,,"A strong wind watch is also in place for Northland and Auckland for 10 hours from 8am. 
MetService is warning residents that there is a moderate chance for most of the day that there will be thunder… [+2207 chars]","Severe thunderstorm warning lifted for North Island but more wild weather on the way. Auckland could see marble-sized hail, small tornadoes and heavy rain tomorrow.","Die Warnung vor schweren Gewittern für die Nordinsel wurde aufgehoben, aber es ist noch mehr wildes Wetter unterwegs. In Auckland könnte es morgen zu marmorgroßem Hagel, kleinen Tornados und starkem Regen kommen.","Gravis tonitribus monitus Islandiam Septentrionalem levavit sed magis in viis tempestatibus feris. Auckland videre poterat grandinem marmorarium, minutas parvas et cras pluvias graves."
d6babaddfa93b4863949289a53bff57b,2025-12-02T06:38:23Z,Storm,Hazard,abcnews.go.com,en,0.9,Northeast prepares for first major snowstorm of season,"The Northeast is getting ready for its first major snowstorm of the season, just as the Midwest is beginning to escape snow and ice that snarled travel after the Thanksgiving holiday",https://abcnews.go.com/US/wireStory/northeast-prepares-major-snowstorm-season-128025396,https://i.abcnewsfe.com/a/9f2bb835-3ce2-45f2-acfa-bd1e7c998bac/wirestory_71e3707f522a7da0cb9f288e50990c03_16x9.jpg?w=1600,,"PORTLAND, Maine -- The Northeast was getting ready Tuesday for its first major snowstorm of the season, just as the Midwest began to escape snow and ice that snarled travel after the Thanksgiving hol… [+3757 chars]","Northeast prepares for first major snowstorm of season. The Northeast is getting ready for its first major snowstorm of the season, just as the Midwest is beginning to escape snow and ice that snarled travel after the Thanksgiving holiday","Der Nordosten bereitet sich auf den ersten großen Schneesturm der Saison vor. Der Nordosten bereitet sich auf den ersten großen Schneesturm der Saison vor, während der Mittlere Westen nach dem Thanksgiving-Feiertag damit beginnt, dem Schnee und Eis zu entkommen, das das Reisen erschwerte","Septentrionalis primam nivis temporum maiorem parat. Orientem procinctu est ad primam maiorem nivem temporum, sicut Midwest incipit effugere nives et glaciem quae peregrinationis oblatrantem post ferias gratiarum actiones."
94995bcc7819beb5d71ab43d6093d915,2025-12-02T07:09:49Z,Cold Wave,Hazard,economictimes.indiatimes.com,en,0.9,"Harsher winter this year: What residents of Delhi, UP, Gujarat, Rajasthan, & Telangana need to know about IMD’s warning","This winter, central and north India are bracing for a colder season with an increased number of cold wave days, according to the IMD. Regions like Madhya Pradesh, Punjab, Haryana, and Delhi are expected to experience below-normal temperatures and prolonged c…",https://economictimes.indiatimes.com/news/new-updates/harsher-winter-this-year-what-residents-of-delhi-up-gujarat-rajasthan-telangana-need-to-know-about-imds-warning/articleshow/125712277.cms,"https://img.etimg.com/thumb/msid-125712337,width-1200,height-630,imgsize-1405469,overlay-economictimes/articleshow.jpg",,"This winter might test our endurance more than usual. According to the India Meteorological Department (IMD), the DecemberFebruary season is expected to be noticeably colder across several regions, e… [+2957 chars]","Harsher winter this year: What residents of Delhi, UP, Gujarat, Rajasthan, & Telangana need to know about IMD’s warning. This winter, central and north India are bracing for a colder season with an increased number of cold wave days, according to the IMD. Regions like Madhya Pradesh, Punjab, Haryana, and Delhi are expected to experience below-normal temperatures and prolonged c…","Härterer Winter in diesem Jahr: Was Einwohner von Delhi, UP, Gujarat, Rajasthan und Telangana über die Warnung des IMD wissen müssen. In diesem Winter bereiten sich Zentral- und Nordindien laut IMD auf eine kältere Jahreszeit mit einer erhöhten Anzahl von Kältewellentagen vor. In Regionen wie Madhya Pradesh, Punjab, Haryana und Delhi werden voraussichtlich unterdurchschnittliche Temperaturen und längere Hitze herrschen.","Gravior hiemalis hoc anno: Quid incolas Delhi, UP, Gujarat, Rajasthan, & Telangana de admonitione IMD scire opus est. Haec hiems, media et septentriones Indiae, cingunt tempore frigidiore cum auctis numero dierum frigidorum, secundum IMD. Regiones sicut Madhya Pradesh, Punjab, Haryana et Delhi exspectantur ut infra-normales calores experiantur et prolongentur c…"
7c40cddb5403161596a836545c3ddfbd,2025-12-02T09:47:37Z,Storm,Hazard,biztoc.com,en,0.9,Winter Storm Warning As 12 Inches of Snow To Hit: 'Delay All Travel',"Winter storm warnings—which could bring up to 12 inches of snow in some places—have been issued to several states across the U.S. by the National Weather Service (NWS), which has advised those in badly affected areas to “delay all travel if possible.”
Why it …",https://biztoc.com/x/271c7f4467123214,https://biztoc.com/cdn/271c7f4467123214_s.webp,,"Winter storm warningswhich could bring up to 12 inches of snow in some placeshave been issued to several states across the U.S. by the National Weather Service (NWS), which has advised those in badly… [+137 chars]","Winter Storm Warning As 12 Inches of Snow To Hit: 'Delay All Travel'. Winter storm warnings—which could bring up to 12 inches of snow in some places—have been issued to several states across the U.S. by the National Weather Service (NWS), which has advised those in badly affected areas to “delay all travel if possible.”
Why it …","Warnung vor Wintersturm, da 12 Zoll Schnee drohen: „Alle Reisen verzögern“. Der National Weather Service (NWS) hat in mehreren US-Bundesstaaten Warnungen vor Winterstürmen herausgegeben, die mancherorts bis zu 30 cm Schnee bringen könnten. Der National Weather Service (NWS) hat den Menschen in stark betroffenen Gebieten geraten, „alle Reisen wenn möglich zu verschieben“.
Warum es …","Hiems Tempestas Admonitio sicut XII unciae nivis ad percute: 'mora omnia Travel'. Monita tempestatis hiemalis - quae ad duodecim uncias nivis in aliquibus locis efficere potuit - editae sunt in plures civitates per Civitatem Tempestatis Nationalis per Servitium Tempestatis Americae (NWS), quae suasit eos in locis male affectis ut ""omnem peregrinationem, si fieri potest, morari"".
Cur ..."
f3f38409676edfc4ccec8a7a2d96085e,2025-12-02T10:05:52Z,Storm,Hazard,www.windowscentral.com,en,0.9,"Microsoft's advantages in artificial intelligence evaporate — Google Gemini surges ahead, and OpenAI declares ""code red"" situation","Microsoft's advantages in artificial intelligence look shaky as Google rapidly catches up. Google Gemini and Nano Banana image generation tools take the world by storm, as OpenAI declares ""code red.""",https://www.windowscentral.com/artificial-intelligence/microsofts-advantages-in-artificial-intelligence-evaporate-google-gemini-surges-ahead-and-openai-declares-code-red-situation,https://cdn.mos.cms.futurecdn.net/LesoE4c775t8h72RnS7XJK-2560-80.jpg,http://web.archive.org/web/20251202110849/https://www.windowscentral.com/artificial-intelligence/microsofts-advantages-in-artificial-intelligence-evaporate-google-gemini-surges-ahead-and-openai-declares-code-red-situation,"Things aren't looking up for Microsoft's AI aspirations right now, with reports that OpenAI has declared ""code red.""
It's no secret that Microsoft and other major tech companies are vying for a top … [+8015 chars]","Microsoft's advantages in artificial intelligence evaporate — Google Gemini surges ahead, and OpenAI declares ""code red"" situation. Microsoft's advantages in artificial intelligence look shaky as Google rapidly catches up. Google Gemini and Nano Banana image generation tools take the world by storm, as OpenAI declares ""code red.""","Die Vorteile von Microsoft im Bereich der künstlichen Intelligenz verschwinden – Google Gemini stürmt nach vorne und OpenAI erklärt die „Code Red“-Situation. Die Vorteile von Microsoft im Bereich der künstlichen Intelligenz scheinen ins Wanken zu geraten, da Google schnell aufholt. Die Bilderzeugungstools Google Gemini und Nano Banana erobern die Welt im Sturm, da OpenAI „Code Red“ erklärt.","Microsoft commoda in intellegentia artificiali evaporat — Google Geminae praecurrit, et OpenAI condicionem ""rubrum"" declarat. Commoda Microsoft in intellegentia artificiali labilem spectant sicut Google velociter assequatur. Google Geminorum et Nano Banana instrumenta generationis imaginis mundum vi expugnant, sicut OpenAI declarat ""codex rubra""."
17b0d1d49ac8dfdd0dc2039d16260008,2025-12-02T10:10:11Z,Storm,Hazard,economictimes.indiatimes.com,en,0.9,Schools Closed: List of areas that have announced the suspension of classes amid huge snowstorm,A strengthening winter storm sweeping through the northeastern United States has prompted extensive school closures across Massachusetts and New Hampshire and other cities.,https://economictimes.indiatimes.com/news/international/us/schools-closed-list-of-areas-that-have-announced-the-suspension-of-classes-amid-huge-snowstorm/articleshow/125716034.cms,"https://img.etimg.com/thumb/msid-125716048,width-1200,height-630,imgsize-171273,overlay-economictimes/articleshow.jpg",,"A developing winter storm moving across the northeastern United States has led to widespread school closings today in Massachusetts and New Hampshire, with multiple districts announcing full-day shut… [+3651 chars]",Schools Closed: List of areas that have announced the suspension of classes amid huge snowstorm. A strengthening winter storm sweeping through the northeastern United States has prompted extensive school closures across Massachusetts and New Hampshire and other cities.,"Schulen geschlossen: Liste der Gebiete, die die Aussetzung des Unterrichts aufgrund eines starken Schneesturms angekündigt haben. Ein stärker werdender Wintersturm, der über den Nordosten der USA fegt, hat zu umfangreichen Schulschließungen in Massachusetts, New Hampshire und anderen Städten geführt.",Scholae clausae: Index regionum quae suspensionem classium inter ingentis nivis procellae denuntiaverunt. Tempestas firma hiberna per Civitates septentrionales Americae septentrionales motus amplas scholas commissuras per Massachusetts et Novam Hampshire et alias urbes suasit.
c46988360c6c83c2642f5ec59ebe91b3,2025-12-02T10:31:01Z,Storm,Mitigation,en.protothema.gr,en,0.9,Two weather systems bring three days of rain and thunderstorms – Thursday and Friday the most difficult days,"Meteorologists warning for strong phenomena - Which areas will be most affected - See the maps
The post Two weather systems bring three days of rain and thunderstorms – Thursday and Friday the most difficult days appeared first on ProtoThema English.",https://en.protothema.gr/2025/12/02/two-weather-systems-bring-three-days-of-rain-and-thunderstorms-thursday-and-friday-the-most-difficult-days/,https://en.protothema.gr/wp-content/uploads/2025/12/kakokairia-mak1-1.jpg-1.jpg,,"Severe Weather Expected in Greece: Two Successive Systems to Bring Heavy Rainfall
A period of significant rainfall is expected to affect Greece and the wider Eastern Mediterranean in the coming days… [+2861 chars]","Two weather systems bring three days of rain and thunderstorms – Thursday and Friday the most difficult days. Meteorologists warning for strong phenomena - Which areas will be most affected - See the maps
The post Two weather systems bring three days of rain and thunderstorms – Thursday and Friday the most difficult days appeared first on ProtoThema English.","Zwei Wettersysteme bringen drei Tage lang Regen und Gewitter – Donnerstag und Freitag sind die schwierigsten Tage. Meteorologen warnen vor starken Phänomenen – Welche Gebiete am stärksten betroffen sein werden – Sehen Sie sich die Karten an
Der Beitrag Zwei Wettersysteme bringen drei Tage Regen und Gewitter – Donnerstag und Freitag, die schwierigsten Tage, erschienen zuerst auf ProtoThema English.","Duo systemata tempestatum tres dies pluviae et tonitruum afferunt – Iovis et Veneris dies difficillimos. Meteorologi monent phaenomena valida - Quae areas maxime afficientur - Vide tabulas
Post duae systemata tempestatum tres dies pluviae et tonitruum afferunt – Iovis et Veneris dies difficillimos dies primum in ProtoThema Anglica apparuit."
524af8a432c35295fe5f0024b1567e64,2025-12-02T11:10:20Z,Storm,Mitigation,www.huffpost.com,en,0.9,Northeast Prepares For 1st Major Snowstorm Of Season,Some parts of northern New England were expecting up to 10 inches of snow.,https://www.huffpost.com/entry/us-wintry-weather-snow_n_692ec778e4b02d38edefd01a,https://img.huffingtonpost.com/asset/692ec779220000b7e560c63b.jpeg?cache=KLtNYFjlz3&ops=1200_630,,"PORTLAND, Maine (AP) The Northeast was getting ready Tuesday for its first major snowstorm of the season, just as the Midwest began to escape snow and ice that snarled travel after the Thanksgiving h… [+4153 chars]",Northeast Prepares For 1st Major Snowstorm Of Season. Some parts of northern New England were expecting up to 10 inches of snow.,Nordosten bereitet sich auf den ersten großen Schneesturm der Saison vor. In einigen Teilen des nördlichen Neuenglands wurden bis zu 10 Zoll Schnee erwartet.,Orientem parat 1 Major nivis Temporum. Quaedam partes Novae Angliae septentrionalis usque ad 10 pollices nivis exspectabant.
ba4ec78f896806d5d7b4e0fd79f5c57d,2025-12-02T12:42:05Z,Storm,Hazard,financialpost.com,en,0.9,"NYC Faces Soggy Tuesday as Heavy Snow Hits Upstate, New England","New York City will be soggy Tuesday as a fast moving winter storm brings heavy snow north and east of the city, raising the risk of airline delays and snarling ground traffic across the interior Northeast.",https://financialpost.com/pmn/business-pmn/nyc-faces-soggy-tuesday-as-heavy-snow-hits-upstate-new-england,,,"(Bloomberg) New York City will be soggy Tuesday as a fast moving winter storm brings heavy snow north and east of the city, raising the risk of airline delays and snarling ground traffic across the i… [+3966 chars]","NYC Faces Soggy Tuesday as Heavy Snow Hits Upstate, New England. New York City will be soggy Tuesday as a fast moving winter storm brings heavy snow north and east of the city, raising the risk of airline delays and snarling ground traffic across the interior Northeast.","NYC steht am Dienstag vor einem feuchten Wetter, da heftiger Schneefall den Bundesstaat New England heimsucht. New York City wird am Dienstag feucht sein, da ein schnell ziehender Wintersturm nördlich und östlich der Stadt heftigen Schneefall mit sich bringt, was das Risiko von Verspätungen bei Fluggesellschaften und verwirrenden Bodenverkehr im inneren Nordosten erhöht.","NYC Faces Soggy Martis ut Gravis Nivis Hits Upstate, Nova Anglia. In urbe New York erit TRACTUOSUS die Martis ut tempestas velox movens hiemem gravem nives septentriones et orientem urbis afferet, periculum morarum porttitor levat et commercium gannit terram per interiorem Orientem brumalem."
010c344462d9615837ebced2038c76be,2025-12-02T12:57:44Z,Storm,Mitigation,www.bostonherald.com,en,0.9,Northeast prepares for first major snowstorm of season,Some parts of northern New England were expecting up to 10 inches of snow.,https://www.bostonherald.com/2025/12/02/northeast-prepares-first-snowstorm-season/,https://www.bostonherald.com/wp-content/uploads/2025/12/US_Extreme_Weather_Illinois_89628-3.jpg?w=1024&h=685,,"By PATRICK WHITTLE, Associated Press
PORTLAND, Maine (AP) The Northeast was getting ready Tuesday for its first major snowstorm of the season, just as the Midwest began to escape snow and ice that s… [+4100 chars]",Northeast prepares for first major snowstorm of season. Some parts of northern New England were expecting up to 10 inches of snow.,Der Nordosten bereitet sich auf den ersten großen Schneesturm der Saison vor. In einigen Teilen des nördlichen Neuenglands wurden bis zu 10 Zoll Schnee erwartet.,Septentrionalis primam nivis temporum maiorem parat. Quaedam partes Novae Angliae septentrionalis usque ad 10 pollices nivis exspectabant.
707255a3684f55afda429c9e0e5bece3,2025-12-02T15:21:08Z,Wildfire,Impacts,theconversation.com,en,0.9,"From earthquakes to wildfires, Canada is woefully ill-prepared for disasters",Canadians faces a growing safety crisis yet they remain unprepared. The real danger is complacency.,https://theconversation.com/from-earthquakes-to-wildfires-canada-is-woefully-ill-prepared-for-disasters-270848,https://images.theconversation.com/files/705699/original/file-20251201-56-hfhrzk.jpg?ixlib=rb-4.1.0&rect=0%2C1301%2C8256%2C4128&q=45&auto=format&w=1356&h=668&fit=crop,,"A fault line in Canadas Yukon territory has stirred after more than 12,000 years of geological sleep. Researchers studying the Tintina Fault, which stretches 1,000 kilometres from northeast British C… [+5631 chars]","From earthquakes to wildfires, Canada is woefully ill-prepared for disasters. Canadians faces a growing safety crisis yet they remain unprepared. The real danger is complacency.","Von Erdbeben bis hin zu Waldbränden ist Kanada auf Katastrophen äußerst schlecht vorbereitet. Die Kanadier stehen vor einer wachsenden Sicherheitskrise, sind jedoch weiterhin unvorbereitet. Die wahre Gefahr ist Selbstzufriedenheit.","A terrae motibus ad incendia ignium, Canada calamitatibus lacrimabiliter paratur. Canadenses spectat ad discrimen securitatis crescentis nondum imparati manent. Periculum verum est complacentia."
c00316a86c3eb97e7f9700682fbd31a5,2025-12-02T18:04:56Z,Snow&Ice,Hazard,www.cbc.ca,en,0.9,Winter storm warnings in place for large portion of Newfoundland,"A hazardous snowstorm is expected to hit a large portion of Newfoundland on Wednesday. Environment Canada issued orange weather alerts for the Clarenville and Bonavista region, while central Newfoundland and the Avalon Peninsula are under a yellow warning.",https://www.cbc.ca/news/canada/newfoundland-labrador/nl-snowstorm-dec2-9.7000040,"https://i.cbc.ca/ais/1.5884049,1611338672000/full/max/0/default.jpg?im=Crop%2Crect%3D%280%2C375%2C4032%2C2268%29%3BResize%3D620",,"A snowstorm is expected to hit a large portion of Newfoundland on Wednesday, making for a messy day. 
Environment Canada issued orange weather alerts for the Clarenville and Bonavista region, while … [+1517 chars]","Winter storm warnings in place for large portion of Newfoundland. A hazardous snowstorm is expected to hit a large portion of Newfoundland on Wednesday. Environment Canada issued orange weather alerts for the Clarenville and Bonavista region, while central Newfoundland and the Avalon Peninsula are under a yellow warning.","Für große Teile Neufundlands gelten Wintersturmwarnungen. Am Mittwoch wird voraussichtlich ein gefährlicher Schneesturm einen großen Teil Neufundlands treffen. Environment Canada hat für die Region Clarenville und Bonavista orangefarbene Wetterwarnungen herausgegeben, während für Zentral-Neufundland und die Avalon-Halbinsel eine gelbe Warnung gilt.","Tempestas hiemalis monita ibidem ad magnam partem Novae fundationis. Tempestas nivis periculosa expectatur magnam partem Terrae Novae die Mercurii ferire. Ambitus Canada in summis tempestatibus aurantiacis pro regione Clarenville et Bonavista edita est, cum media Newfoundland et Peninsula Avalon sub fulva admonitione sunt."
